{
    "1031.inord.dk": [
        "mail.telenor.dk"
    ], 
    "123mail.dk": [
        "mail.telenor.dk"
    ], 
    "126.com": [
        "imap.126.com"
    ], 
    "12fuel.dk": [
        "mail.telenor.dk"
    ], 
    "12mail.dk": [
        "mail.telenor.dk"
    ], 
    "12move.dk": [
        "mail.telenor.dk"
    ], 
    "163.com": [
        "imap.163.com"
    ], 
    "2die4.com": [
        "imap.mail.com"
    ], 
    "2senior.dk": [
        "mail.telenor.dk"
    ], 
    "a1.net": [
        "securemail.a1.net"
    ], 
    "accountant.com": [
        "imap.mail.com"
    ], 
    "active24.com": [
        "email.active24.com"
    ], 
    "activist.com": [
        "imap.mail.com"
    ], 
    "adexec.com": [
        "imap.mail.com"
    ], 
    "africamail.com": [
        "imap.mail.com"
    ], 
    "aim.com": [
        "imap.aol.com"
    ], 
    "aircraftmail.com": [
        "imap.mail.com"
    ], 
    "alabama.usa.com": [
        "imap.mail.com"
    ], 
    "alaska.usa.com": [
        "imap.mail.com"
    ], 
    "alice.it": [
        "in.alice.it"
    ], 
    "allergist.com": [
        "imap.mail.com"
    ], 
    "alumni.com": [
        "imap.mail.com"
    ], 
    "alumnidirector.com": [
        "imap.mail.com"
    ], 
    "americamail.com": [
        "imap.mail.com"
    ], 
    "amorous.com": [
        "imap.mail.com"
    ], 
    "anarki.dk": [
        "mail.telenor.dk"
    ], 
    "anderledes.dk": [
        "mail.telenor.dk"
    ], 
    "angelic.com": [
        "imap.mail.com"
    ], 
    "aol.com": [
        "imap.aol.com"
    ], 
    "aon.at": [
        "securemail.a1.net"
    ], 
    "archaeologist.com": [
        "imap.mail.com"
    ], 
    "arcor.de": [
        "imap.arcor.de"
    ], 
    "arizona.usa.com": [
        "imap.mail.com"
    ], 
    "artlover.com": [
        "imap.mail.com"
    ], 
    "arubapec.it": [
        "imaps.pec.aruba.it"
    ], 
    "asia-mail.com": [
        "imap.mail.com"
    ], 
    "atheist.com": [
        "imap.mail.com"
    ], 
    "australiamail.com": [
        "imap.mail.com"
    ], 
    "bartender.net": [
        "imap.mail.com"
    ], 
    "begavet.dk": [
        "mail.telenor.dk"
    ], 
    "belgacom.net": [
        "imap.proximus.be"
    ], 
    "bell.net": [
        "imap.bell.net"
    ], 
    "berlin.com": [
        "imap.mail.com"
    ], 
    "bigger.com": [
        "imap.mail.com"
    ], 
    "bigpond.com": [
        "imap.telstra.com"
    ], 
    "bigpond.net": [
        "imap.telstra.com"
    ], 
    "bigpond.net.au": [
        "imap.telstra.com"
    ], 
    "bikerider.com": [
        "imap.mail.com"
    ], 
    "birdlover.com": [
        "imap.mail.com"
    ], 
    "bitnisse.dk": [
        "mail.telenor.dk"
    ], 
    "bk.ru": [
        "imap.mail.ru"
    ], 
    "blader.com": [
        "imap.mail.com"
    ], 
    "blu.it": [
        "imapmail.libero.it"
    ], 
    "bluemail.ch": [
        "imaps.bluewin.ch"
    ], 
    "bluewin.ch": [
        "imaps.bluewin.ch"
    ], 
    "blueyonder.co.uk": [
        "imap4.blueyonder.co.uk"
    ], 
    "boardermail.com": [
        "imap.mail.com"
    ], 
    "bol.com.br": [
        "imap.bol.com.br"
    ], 
    "brazilmail.com": [
        "imap.mail.com"
    ], 
    "brew-master.com": [
        "imap.mail.com"
    ], 
    "btinternet.com": [
        "mail.btinternet.com"
    ], 
    "btopenworld.com": [
        "mail.btinternet.com"
    ], 
    "california.usa.com": [
        "imap.mail.com"
    ], 
    "californiamail.com": [
        "imap.mail.com"
    ], 
    "caress.com": [
        "imap.mail.com"
    ], 
    "casema.nl": [
        "imap.ziggo.nl"
    ], 
    "catlover.com": [
        "imap.mail.com"
    ], 
    "centurylink.net": [
        "mail.centurylink.net"
    ], 
    "cgl.ucsf.edu": [
        "plato.cgl.ucsf.edu"
    ], 
    "charter.com": [
        "mobile.charter.net", 
        "imap.charter.net"
    ], 
    "charter.net": [
        "mobile.charter.net", 
        "imap.charter.net"
    ], 
    "cheerful.com": [
        "imap.mail.com"
    ], 
    "chef.net": [
        "imap.mail.com"
    ], 
    "chello.nl": [
        "imap.ziggo.nl"
    ], 
    "chemist.com": [
        "imap.mail.com"
    ], 
    "chinamail.com": [
        "imap.mail.com"
    ], 
    "city.dk": [
        "mail.telenor.dk"
    ], 
    "clerk.com": [
        "imap.mail.com"
    ], 
    "cliffhanger.com": [
        "imap.mail.com"
    ], 
    "club-internet.fr": [
        "imap.sfr.fr"
    ], 
    "clustermail.de": [
        "mail.clustermail.de"
    ], 
    "cneweb.de": [
        "mx.versatel.de"
    ], 
    "collector.org": [
        "imap.mail.com"
    ], 
    "columnist.com": [
        "imap.mail.com"
    ], 
    "comcast.net": [
        "imap.comcast.net"
    ], 
    "comic.com": [
        "imap.mail.com"
    ], 
    "computer4u.com": [
        "imap.mail.com"
    ], 
    "consultant.com": [
        "imap.mail.com"
    ], 
    "contractor.net": [
        "imap.mail.com"
    ], 
    "cool.dk": [
        "mail.telenor.dk"
    ], 
    "coolsite.net": [
        "imap.mail.com"
    ], 
    "corp.mail.ru": [
        "imap.mail.ru"
    ], 
    "counsellor.com": [
        "imap.mail.com"
    ], 
    "count.com": [
        "imap.mail.com"
    ], 
    "couple.com": [
        "imap.mail.com"
    ], 
    "cox.net": [
        "imap.cox.net"
    ], 
    "cutey.com": [
        "imap.mail.com"
    ], 
    "cyber-wizard.com": [
        "imap.mail.com"
    ], 
    "cyberdude.com": [
        "imap.mail.com"
    ], 
    "cyberdude.dk": [
        "mail.telenor.dk"
    ], 
    "cybergal.com": [
        "imap.mail.com"
    ], 
    "cyberjunkie.dk": [
        "mail.telenor.dk"
    ], 
    "dallasmail.com": [
        "imap.mail.com"
    ], 
    "dbzmail.com": [
        "imap.mail.com"
    ], 
    "deliveryman.com": [
        "imap.mail.com"
    ], 
    "diplomats.com": [
        "imap.mail.com"
    ], 
    "disciples.com": [
        "imap.mail.com"
    ], 
    "dk-online.dk": [
        "mail.telenor.dk"
    ], 
    "dk2net.dk": [
        "mail.telenor.dk"
    ], 
    "doctor.com": [
        "imap.mail.com"
    ], 
    "doglover.com": [
        "imap.mail.com"
    ], 
    "dondominio.com": [
        "imap.dondominio.com"
    ], 
    "doramail.com": [
        "imap.mail.com"
    ], 
    "dr.com": [
        "imap.mail.com"
    ], 
    "dublin.com": [
        "imap.mail.com"
    ], 
    "earthling.net": [
        "imap.mail.com"
    ], 
    "earthlink.net": [
        "imap.earthlink.net"
    ], 
    "elinstallatoer.dk": [
        "mail.telenor.dk"
    ], 
    "elpasotel.net": [
        "mail.elpasotel.net"
    ], 
    "elsker.dk": [
        "mail.telenor.dk"
    ], 
    "elvis.dk": [
        "mail.telenor.dk"
    ], 
    "elvisfan.com": [
        "imap.mail.com"
    ], 
    "email.com": [
        "imap.mail.com"
    ], 
    "email.cz": [
        "imap.seznam.cz"
    ], 
    "email.dk": [
        "mail.telenor.dk"
    ], 
    "email.it": [
        "imapmail.email.it"
    ], 
    "emailsrvr.com": [
        "secure.emailsrvr.com"
    ], 
    "embarqmail.com": [
        "mail.centurylink.net"
    ], 
    "engineer.com": [
        "imap.mail.com"
    ], 
    "englandmail.com": [
        "imap.mail.com"
    ], 
    "europe.com": [
        "imap.mail.com"
    ], 
    "europemail.com": [
        "imap.mail.com"
    ], 
    "execs.com": [
        "imap.mail.com"
    ], 
    "fald.dk": [
        "mail.telenor.dk"
    ], 
    "fan.com": [
        "imap.mail.com"
    ], 
    "fastwebnet.it": [
        "imap.fastwebnet.it"
    ], 
    "fedt.dk": [
        "mail.telenor.dk"
    ], 
    "feelings.com": [
        "imap.mail.com"
    ], 
    "feminin.dk": [
        "mail.telenor.dk"
    ], 
    "film.dk": [
        "mail.telenor.dk"
    ], 
    "financier.com": [
        "imap.mail.com"
    ], 
    "fireman.net": [
        "imap.mail.com"
    ], 
    "florida.usa.com": [
        "imap.mail.com"
    ], 
    "foni.net": [
        "mx.versatel.de"
    ], 
    "footballer.com": [
        "imap.mail.com"
    ], 
    "forening.dk": [
        "mail.telenor.dk"
    ], 
    "free.fr": [
        "imap.free.fr"
    ], 
    "freenet.de": [
        "mx.freenet.de"
    ], 
    "gadefejer.dk": [
        "mail.telenor.dk"
    ], 
    "gandi.net": [
        "mail.gandi.net"
    ], 
    "gardener.com": [
        "imap.mail.com"
    ], 
    "gason.dk": [
        "mail.telenor.dk"
    ], 
    "gelsennet.de": [
        "mx.versatel.de"
    ], 
    "geologist.com": [
        "imap.mail.com"
    ], 
    "germanymail.com": [
        "imap.mail.com"
    ], 
    "giallo.it": [
        "imapmail.libero.it"
    ], 
    "gigahost.dk": [
        "mail.gigahost.dk"
    ], 
    "gigapec.it": [
        "imaps.pec.aruba.it"
    ], 
    "gmail.com": [
        "imap.gmail.com"
    ], 
    "gmx.at": [
        "imap.gmx.net"
    ], 
    "gmx.biz": [
        "imap.gmx.net"
    ], 
    "gmx.ca": [
        "imap.gmx.com"
    ], 
    "gmx.ch": [
        "imap.gmx.net"
    ], 
    "gmx.cn": [
        "imap.gmx.com"
    ], 
    "gmx.co.in": [
        "imap.gmx.com"
    ], 
    "gmx.co.uk": [
        "imap.gmx.com"
    ], 
    "gmx.com": [
        "imap.gmx.com"
    ], 
    "gmx.com.br": [
        "imap.gmx.com"
    ], 
    "gmx.com.my": [
        "imap.gmx.com"
    ], 
    "gmx.com.tr": [
        "imap.gmx.com"
    ], 
    "gmx.de": [
        "imap.gmx.net"
    ], 
    "gmx.es": [
        "imap.gmx.com"
    ], 
    "gmx.eu": [
        "imap.gmx.net"
    ], 
    "gmx.fr": [
        "imap.gmx.com"
    ], 
    "gmx.hk": [
        "imap.gmx.com"
    ], 
    "gmx.ie": [
        "imap.gmx.com"
    ], 
    "gmx.info": [
        "imap.gmx.net"
    ], 
    "gmx.it": [
        "imap.gmx.com"
    ], 
    "gmx.li": [
        "imap.gmx.com"
    ], 
    "gmx.net": [
        "imap.gmx.net"
    ], 
    "gmx.org": [
        "imap.gmx.net"
    ], 
    "gmx.ph": [
        "imap.gmx.com"
    ], 
    "gmx.pt": [
        "imap.gmx.com"
    ], 
    "gmx.ru": [
        "imap.gmx.com"
    ], 
    "gmx.se": [
        "imap.gmx.com"
    ], 
    "gmx.sg": [
        "imap.gmx.com"
    ], 
    "gmx.tm": [
        "imap.gmx.com"
    ], 
    "gmx.tw": [
        "imap.gmx.com"
    ], 
    "gmx.us": [
        "imap.gmx.com"
    ], 
    "go4more.de": [
        "imap.1und1.de"
    ], 
    "goneo.de": [
        "imap.goneo.de"
    ], 
    "google.com": [
        "imap.gmail.com"
    ], 
    "googlemail.com": [
        "imap.gmail.com"
    ], 
    "graduate.org": [
        "imap.mail.com"
    ], 
    "gransy.com": [
        "imap.gransy.com"
    ], 
    "graphic-designer.com": [
        "imap.mail.com"
    ], 
    "grin.dk": [
        "mail.telenor.dk"
    ], 
    "grov.dk": [
        "mail.telenor.dk"
    ], 
    "hackermail.com": [
        "imap.mail.com"
    ], 
    "hahah.nl": [
        "imap.ziggo.nl"
    ], 
    "hairdresser.net": [
        "imap.mail.com"
    ], 
    "hardworking.dk": [
        "mail.telenor.dk"
    ], 
    "heaven.dk": [
        "mail.telenor.dk"
    ], 
    "hemmelig.dk": [
        "mail.telenor.dk"
    ], 
    "hilarious.com": [
        "imap.mail.com"
    ], 
    "hockeymail.com": [
        "imap.mail.com"
    ], 
    "home.nl": [
        "imap.ziggo.nl"
    ], 
    "homemail.com": [
        "imap.mail.com"
    ], 
    "hot-shot.com": [
        "imap.mail.com"
    ], 
    "hotmail.co.jp": [
        "imap-mail.outlook.com"
    ], 
    "hotmail.co.uk": [
        "imap-mail.outlook.com"
    ], 
    "hotmail.com": [
        "imap-mail.outlook.com"
    ], 
    "hotmail.com.br": [
        "imap-mail.outlook.com"
    ], 
    "hotmail.de": [
        "imap-mail.outlook.com"
    ], 
    "hotmail.es": [
        "imap-mail.outlook.com"
    ], 
    "hotmail.fr": [
        "imap-mail.outlook.com"
    ], 
    "hotmail.it": [
        "imap-mail.outlook.com"
    ], 
    "hour.com": [
        "imap.mail.com"
    ], 
    "huleboer.dk": [
        "mail.telenor.dk"
    ], 
    "humanoid.net": [
        "imap.mail.com"
    ], 
    "i.softbank.jp": [
        "imap.softbank.jp"
    ], 
    "icloud.com": [
        "imap.mail.me.com"
    ], 
    "illinois.usa.com": [
        "imap.mail.com"
    ], 
    "image.dk": [
        "mail.telenor.dk"
    ], 
    "iname.com": [
        "imap.mail.com"
    ], 
    "inbound.dk": [
        "mail.telenor.dk"
    ], 
    "inbox.ru": [
        "imap.mail.ru"
    ], 
    "indbakke.dk": [
        "mail.telenor.dk"
    ], 
    "infile.dk": [
        "mail.telenor.dk"
    ], 
    "info.dk": [
        "mail.telenor.dk"
    ], 
    "ingpec.eu": [
        "imaps.pec.aruba.it"
    ], 
    "innocent.com": [
        "imap.mail.com"
    ], 
    "inorbit.com": [
        "imap.mail.com"
    ], 
    "instruction.com": [
        "imap.mail.com"
    ], 
    "instructor.net": [
        "imap.mail.com"
    ], 
    "insurer.com": [
        "imap.mail.com"
    ], 
    "internetserver.cz": [
        "imap.gransy.com"
    ], 
    "internode.on.net": [
        "mail.internode.on.net"
    ], 
    "inwind.it": [
        "imapmail.libero.it"
    ], 
    "io.dk": [
        "mail.telenor.dk"
    ], 
    "iol.it": [
        "imapmail.libero.it"
    ], 
    "ipax.at": [
        "mail.ipax.at"
    ], 
    "irelandmail.com": [
        "imap.mail.com"
    ], 
    "ispgateway.de": [
        "sslmailpool.ispgateway.de"
    ], 
    "it.dk": [
        "mail.telenor.dk"
    ], 
    "italymail.com": [
        "imap.mail.com"
    ], 
    "ix.netcom.com": [
        "imap.earthlink.net"
    ], 
    "japan.com": [
        "imap.mail.com"
    ], 
    "jazztel.es": [
        "imap.gmail.com"
    ], 
    "jet.ne.jp": [
        "imap.jet.ne.jp"
    ], 
    "journalist.com": [
        "imap.mail.com"
    ], 
    "jyde.dk": [
        "mail.telenor.dk"
    ], 
    "keromail.com": [
        "imap.mail.com"
    ], 
    "kidcity.be": [
        "imap.proximus.be"
    ], 
    "kittymail.com": [
        "imap.mail.com"
    ], 
    "klog.dk": [
        "mail.telenor.dk"
    ], 
    "knus.dk": [
        "mail.telenor.dk"
    ], 
    "koreamail.com": [
        "imap.mail.com"
    ], 
    "krudt.dk": [
        "mail.telenor.dk"
    ], 
    "kulturel.dk": [
        "mail.telenor.dk"
    ], 
    "kundenserver.de": [
        "imap.1und1.de"
    ], 
    "laposte.net": [
        "imap.laposte.net"
    ], 
    "larsen.dk": [
        "mail.telenor.dk"
    ], 
    "lawyer.com": [
        "imap.mail.com"
    ], 
    "lazy.dk": [
        "mail.telenor.dk"
    ], 
    "legislator.com": [
        "imap.mail.com"
    ], 
    "libero.it": [
        "imapmail.libero.it"
    ], 
    "linuxmail.org": [
        "imap.mail.com"
    ], 
    "list.ru": [
        "imap.mail.ru"
    ], 
    "live.co.jp": [
        "imap-mail.outlook.com"
    ], 
    "live.co.uk": [
        "imap-mail.outlook.com"
    ], 
    "live.com": [
        "imap-mail.outlook.com"
    ], 
    "live.de": [
        "imap-mail.outlook.com"
    ], 
    "live.fr": [
        "imap-mail.outlook.com"
    ], 
    "live.it": [
        "imap-mail.outlook.com"
    ], 
    "live.jp": [
        "imap-mail.outlook.com"
    ], 
    "london.com": [
        "imap.mail.com"
    ], 
    "loveable.com": [
        "imap.mail.com"
    ], 
    "lovecat.com": [
        "imap.mail.com"
    ], 
    "lystig.dk": [
        "mail.telenor.dk"
    ], 
    "mac.com": [
        "imap.mail.me.com"
    ], 
    "mad.scientist.com": [
        "imap.mail.com"
    ], 
    "madonnafan.com": [
        "imap.mail.com"
    ], 
    "madrid.com": [
        "imap.mail.com"
    ], 
    "mail.com": [
        "imap.mail.com"
    ], 
    "mail.dia.dk": [
        "mail.telenor.dk"
    ], 
    "mail.org": [
        "imap.mail.com"
    ], 
    "mail.ru": [
        "imap.mail.ru"
    ], 
    "mail.telenor.dk": [
        "mail.telenor.dk"
    ], 
    "marchmail.com": [
        "imap.mail.com"
    ], 
    "maskulin.dk": [
        "mail.telenor.dk"
    ], 
    "me.com": [
        "imap.mail.me.com"
    ], 
    "messagingengine.com": [
        "imap.fastmail.com"
    ], 
    "mexicomail.com": [
        "imap.mail.com"
    ], 
    "min-postkasse.dk": [
        "mail.telenor.dk"
    ], 
    "mindless.com": [
        "imap.mail.com"
    ], 
    "mindspring.com": [
        "imap.earthlink.net"
    ], 
    "minister.com": [
        "imap.mail.com"
    ], 
    "mobil.dk": [
        "mail.telenor.dk"
    ], 
    "mobsters.com": [
        "imap.mail.com"
    ], 
    "monarchy.com": [
        "imap.mail.com"
    ], 
    "mopera.net": [
        "mail.mopera.net"
    ], 
    "moscowmail.com": [
        "imap.mail.com"
    ], 
    "msn.com": [
        "imap-mail.outlook.com"
    ], 
    "multiweb.nl": [
        "imap.ziggo.nl"
    ], 
    "munich.com": [
        "imap.mail.com"
    ], 
    "musician.org": [
        "imap.mail.com"
    ], 
    "muslim.com": [
        "imap.mail.com"
    ], 
    "musling.dk": [
        "mail.telenor.dk"
    ], 
    "mypec.eu": [
        "imaps.pec.aruba.it"
    ], 
    "myself.com": [
        "imap.mail.com"
    ], 
    "narod.ru": [
        "imap.yandex.com"
    ], 
    "natteliv.dk": [
        "mail.telenor.dk"
    ], 
    "netbruger.dk": [
        "mail.telenor.dk"
    ], 
    "netscape.net": [
        "imap.aol.com"
    ], 
    "neuf.fr": [
        "imap.sfr.fr"
    ], 
    "newyork.usa.com": [
        "imap.mail.com"
    ], 
    "ntlworld.com": [
        "imap.ntlworld.com"
    ], 
    "null.net": [
        "imap.mail.com"
    ], 
    "nycmail.com": [
        "imap.mail.com"
    ], 
    "oath.com": [
        "imap.mail.com"
    ], 
    "one.com": [
        "imap.one.com"
    ], 
    "one.cz": [
        "imap.registrator.cz"
    ], 
    "online.de": [
        "imap.1und1.de"
    ], 
    "onlinehome.de": [
        "imap.1und1.de"
    ], 
    "optician.com": [
        "imap.mail.com"
    ], 
    "orange.fr": [
        "imap.orange.fr"
    ], 
    "outlook.com": [
        "imap-mail.outlook.com"
    ], 
    "ovh.net": [
        "ssl0.ovh.net"
    ], 
    "pacificwest.com": [
        "imap.mail.com"
    ], 
    "pdx.edu": [
        "psumail.pdx.edu"
    ], 
    "pec.it": [
        "imaps.pec.aruba.it"
    ], 
    "pedal.dk": [
        "mail.telenor.dk"
    ], 
    "pengemand.dk": [
        "mail.telenor.dk"
    ], 
    "peoplepc.com": [
        "imap.peoplepc.com"
    ], 
    "petlover.com": [
        "imap.mail.com"
    ], 
    "photographer.net": [
        "imap.mail.com"
    ], 
    "playful.com": [
        "imap.mail.com"
    ], 
    "pobox.com": [
        "mail.pobox.com"
    ], 
    "poetic.com": [
        "imap.mail.com"
    ], 
    "pokerface.dk": [
        "mail.telenor.dk"
    ], 
    "politician.com": [
        "imap.mail.com"
    ], 
    "popstar.com": [
        "imap.mail.com"
    ], 
    "post.com": [
        "imap.mail.com"
    ], 
    "post.cybercity.dk": [
        "mail.telenor.dk"
    ], 
    "post.cz": [
        "imap.seznam.cz"
    ], 
    "post.dia.dk": [
        "mail.telenor.dk"
    ], 
    "posteo.at": [
        "posteo.de"
    ], 
    "posteo.ch": [
        "posteo.de"
    ], 
    "posteo.de": [
        "posteo.de"
    ], 
    "posteo.eu": [
        "posteo.de"
    ], 
    "posteo.org": [
        "posteo.de"
    ], 
    "postman.dk": [
        "mail.telenor.dk"
    ], 
    "presidency.com": [
        "imap.mail.com"
    ], 
    "priest.com": [
        "imap.mail.com"
    ], 
    "privat.dia.dk": [
        "mail.telenor.dk"
    ], 
    "privatmail.dk": [
        "mail.telenor.dk"
    ], 
    "programmer.net": [
        "imap.mail.com"
    ], 
    "proximus.be": [
        "imap.proximus.be"
    ], 
    "ptd.net": [
        "promail.ptd.net"
    ], 
    "publicist.com": [
        "imap.mail.com"
    ], 
    "q.com": [
        "mail.q.com"
    ], 
    "qq.com": [
        "imap.qq.com"
    ], 
    "quake.dk": [
        "mail.telenor.dk"
    ], 
    "quicknet.nl": [
        "imap.ziggo.nl"
    ], 
    "rambler.ru": [
        "mail.rambler.ru"
    ], 
    "razcall.com": [
        "imap.ziggo.nl"
    ], 
    "razcall.nl": [
        "imap.ziggo.nl"
    ], 
    "ready.dk": [
        "mail.telenor.dk"
    ], 
    "realtyagent.com": [
        "imap.mail.com"
    ], 
    "reborn.com": [
        "imap.mail.com"
    ], 
    "reggaefan.com": [
        "imap.mail.com"
    ], 
    "religious.com": [
        "imap.mail.com"
    ], 
    "repairman.com": [
        "imap.mail.com"
    ], 
    "representative.com": [
        "imap.mail.com"
    ], 
    "rescueteam.com": [
        "imap.mail.com"
    ], 
    "revenue.com": [
        "imap.mail.com"
    ], 
    "rocketmail.com": [
        "imap.mail.yahoo.com"
    ], 
    "rocketship.com": [
        "imap.mail.com"
    ], 
    "rockfan.com": [
        "imap.mail.com"
    ], 
    "rome.com": [
        "imap.mail.com"
    ], 
    "royal.net": [
        "imap.mail.com"
    ], 
    "rr.com": [
        "mail.twc.com"
    ], 
    "ruhrnet-online.de": [
        "mx.versatel.de"
    ], 
    "rzone.de": [
        "imap.strato.de"
    ], 
    "saintly.com": [
        "imap.mail.com"
    ], 
    "salesperson.net": [
        "imap.mail.com"
    ], 
    "sanfranmail.com": [
        "imap.mail.com"
    ], 
    "schlund.de": [
        "imap.1und1.de"
    ], 
    "scientist.com": [
        "imap.mail.com"
    ], 
    "scotlandmail.com": [
        "imap.mail.com"
    ], 
    "secret.dk": [
        "mail.telenor.dk"
    ], 
    "secretary.net": [
        "imap.mail.com"
    ], 
    "secureserver.net": [
        "imap.secureserver.net"
    ], 
    "seductive.com": [
        "imap.mail.com"
    ], 
    "seznam.cz": [
        "imap.seznam.cz"
    ], 
    "sfr.fr": [
        "imap.sfr.fr"
    ], 
    "singapore.com": [
        "imap.mail.com"
    ], 
    "sky.com": [
        "imap.tools.sky.com"
    ], 
    "skynet.be": [
        "imap.proximus.be"
    ], 
    "sleepy.dk": [
        "mail.telenor.dk"
    ], 
    "smtp.cz": [
        "email.active24.com"
    ], 
    "snakebite.com": [
        "imap.mail.com"
    ], 
    "so.wind.jp": [
        "so.wind.ne.jp"
    ], 
    "so.wind.ne.jp": [
        "so.wind.ne.jp"
    ], 
    "sofort-start.de": [
        "imap.1und1.de"
    ], 
    "sofort-surf.de": [
        "imap.1und1.de"
    ], 
    "sofortstart.de": [
        "imap.1und1.de"
    ], 
    "sofortsurf.de": [
        "imap.1und1.de"
    ], 
    "songwriter.net": [
        "imap.mail.com"
    ], 
    "soon.com": [
        "imap.mail.com"
    ], 
    "spainmail.com": [
        "imap.mail.com"
    ], 
    "spoluzaci.cz": [
        "imap.seznam.cz"
    ], 
    "sporty.dk": [
        "mail.telenor.dk"
    ], 
    "strato.de": [
        "imap.strato.de"
    ], 
    "studenti.univr.it": [
        "univr.mail.cineca.it"
    ], 
    "superbruger.dk": [
        "mail.telenor.dk"
    ], 
    "sympatico.ca": [
        "imap.bell.net"
    ], 
    "t-online.de": [
        "secureimap.t-online.de"
    ], 
    "talent.dk": [
        "mail.telenor.dk"
    ], 
    "talk21.com": [
        "mail.btinternet.com"
    ], 
    "tanke.dk": [
        "mail.telenor.dk"
    ], 
    "taxidriver.dk": [
        "mail.telenor.dk"
    ], 
    "teachers.org": [
        "imap.mail.com"
    ], 
    "techie.com": [
        "imap.mail.com"
    ], 
    "technologist.com": [
        "imap.mail.com"
    ], 
    "teens.dk": [
        "mail.telenor.dk"
    ], 
    "teknik.dk": [
        "mail.telenor.dk"
    ], 
    "telebel.de": [
        "mx.versatel.de"
    ], 
    "telelev.de": [
        "mx.versatel.de"
    ], 
    "telstra.com": [
        "imap.telstra.com"
    ], 
    "terra.es": [
        "imap4.terra.es"
    ], 
    "texas.usa.com": [
        "imap.mail.com"
    ], 
    "thegame.com": [
        "imap.mail.com"
    ], 
    "therapist.net": [
        "imap.mail.com"
    ], 
    "thinline.cz": [
        "mail.cesky-hosting.cz"
    ], 
    "tiscali.it": [
        "imap.tiscali.it"
    ], 
    "tjekket.dk": [
        "mail.telenor.dk"
    ], 
    "toke.com": [
        "imap.mail.com"
    ], 
    "tokyo.com": [
        "imap.mail.com"
    ], 
    "toothfairy.com": [
        "imap.mail.com"
    ], 
    "traceroute.dk": [
        "mail.telenor.dk"
    ], 
    "tv.dk": [
        "mail.telenor.dk"
    ], 
    "tvstar.com": [
        "imap.mail.com"
    ], 
    "ugenstilbud.dk": [
        "mail.telenor.dk"
    ], 
    "umich.edu": [
        "mail.umich.edu"
    ], 
    "umpire.com": [
        "imap.mail.com"
    ], 
    "ungdom.dk": [
        "mail.telenor.dk"
    ], 
    "uol.com.br": [
        "imap.uol.com.br"
    ], 
    "upcmail.nl": [
        "imap.ziggo.nl"
    ], 
    "usa.com": [
        "imap.mail.com"
    ], 
    "uymail.com": [
        "imap.mail.com"
    ], 
    "versanet.de": [
        "mx.versatel.de"
    ], 
    "versatel.de": [
        "mx.versatel.de"
    ], 
    "video.dk": [
        "mail.telenor.dk"
    ], 
    "vip.cybercity.dk": [
        "mail.telenor.dk"
    ], 
    "virgin.net": [
        "imap4.virgin.net"
    ], 
    "virginmedia.com": [
        "imap.virginmedia.com"
    ], 
    "vittig.dk": [
        "mail.telenor.dk"
    ], 
    "wallet.com": [
        "imap.mail.com"
    ], 
    "wanadoo.fr": [
        "imap.orange.fr"
    ], 
    "web.de": [
        "imap.web.de"
    ], 
    "webhuset.no": [
        "imap.webhuset.no"
    ], 
    "webname.com": [
        "imap.mail.com"
    ], 
    "weirdness.com": [
        "imap.mail.com"
    ], 
    "who.net": [
        "imap.mail.com"
    ], 
    "whoever.com": [
        "imap.mail.com"
    ], 
    "winning.com": [
        "imap.mail.com"
    ], 
    "witty.com": [
        "imap.mail.com"
    ], 
    "wol.dk": [
        "mail.telenor.dk"
    ], 
    "worker.com": [
        "imap.mail.com"
    ], 
    "workmail.com": [
        "imap.mail.com"
    ], 
    "worldonline.dk": [
        "mail.telenor.dk"
    ], 
    "wp.pl": [
        "imap.wp.pl"
    ], 
    "writeme.com": [
        "imap.mail.com"
    ], 
    "ya.ru": [
        "imap.yandex.com"
    ], 
    "yahoo.co.nz": [
        "imap.mail.yahoo.com"
    ], 
    "yahoo.co.uk": [
        "imap.mail.yahoo.com"
    ], 
    "yahoo.com": [
        "imap.mail.yahoo.com"
    ], 
    "yahoo.com.ar": [
        "imap.mail.yahoo.com"
    ], 
    "yahoo.com.au": [
        "imap.mail.yahoo.com"
    ], 
    "yahoo.com.br": [
        "imap.mail.yahoo.com"
    ], 
    "yahoo.com.mx": [
        "imap.mail.yahoo.com"
    ], 
    "yahoo.de": [
        "imap.mail.yahoo.com"
    ], 
    "yahoo.es": [
        "imap.mail.yahoo.com"
    ], 
    "yahoo.fr": [
        "imap.mail.yahoo.com"
    ], 
    "yahoo.it": [
        "imap.mail.yahoo.com"
    ], 
    "yahoo.se": [
        "imap.mail.yahoo.com"
    ], 
    "yahoodns.net": [
        "imap.mail.yahoo.com"
    ], 
    "yandex.by": [
        "imap.yandex.com"
    ], 
    "yandex.com": [
        "imap.yandex.com"
    ], 
    "yandex.kz": [
        "imap.yandex.com"
    ], 
    "yandex.net": [
        "imap.yandex.com"
    ], 
    "yandex.ru": [
        "imap.yandex.com"
    ], 
    "yandex.ua": [
        "imap.yandex.com"
    ], 
    "yeah.net": [
        "imap.yeah.net"
    ], 
    "ymail.com": [
        "imap.mail.yahoo.com"
    ], 
    "yours.com": [
        "imap.mail.com"
    ], 
    "zeelandnet.nl": [
        "mail.zeelandnet.nl"
    ], 
    "zeggis.com": [
        "imap.ziggo.nl"
    ], 
    "zeggis.nl": [
        "imap.ziggo.nl"
    ], 
    "ziggo.nl": [
        "imap.ziggo.nl"
    ], 
    "ziggomail.com": [
        "imap.ziggo.nl"
    ], 
    "zinders.nl": [
        "imap.ziggo.nl"
    ], 
    "zoho.com": [
        "imap.zoho.com"
    ], 
    "zohomail.com": [
        "imap.zoho.com"
    ]
}