<migrator-extension>
    <!-- Name of the source panel -->
    <source-panel-title>mypanel</source-panel-title>
    <!--
    Whether to show this extension in migrator GUI.
    For extensions that require complex configuration that could not be handled by GUI, this option should be set to false.
    Available vales:
    - 'all',
    - 'unix',
    - 'windows'
    - 'false'
    -->
    <show-in-gui>all</show-in-gui>
    <!-- Version of the extension -->
    <version>1.0</version>
    <!--
    Field describing which file should be started to create hosting description.
    If not specified, migrator will try to guess:
    - For Linux it will try "create-hosting-description" and "create-hosting-description.sh"
    - For Windows it will try "create-hosting-description.exe" and "create-hosting-description.bat"
    - For all OSes it will try "create-hosting-description.py". In that case, before script execution, migrator will deploy migrator SDK Python.
    -->
    <entry-point>mypanel.py</entry-point>
    <!--
    How entry point should be executed.
    Available values:
    - 'executable' (run as usual executable on the target OS),
    - 'migrator-python' (deploy migrator SDK Python and run script with it).
    If not specified, migrator will try to guess by entry point.
    -->
    <execution>migrator-python</execution>
    <!-- Hosting description file name. -->
    <hosting-description>hosting-description.yaml</hosting-description>
    <!--
    Hosting description file format.
    Available vales:
    - 'yaml',
    - 'json',
    - 'xml'
    If not specified, migrator will try to guess by hosting description file name.
    -->
    <hosting-description-format>yaml</hosting-description-format>
</migrator-extension>
