<?xml version="1.0" encoding="utf-8"?>
<module>
  <id>panel-migrator</id>
  <name>Plesk Migrator</name>
  <description>Transfer data to Plesk from other hosting platforms.</description>
  <category>server_tool</category>
  <version>2.25.6</version>
  <release>1356</release>
  <vendor>Plesk</vendor>
  <url>http://plesk.com</url>
  <plesk_min_version>12.5</plesk_min_version>
  <!--Localized descriptions below-->
  <description xml:lang="ar">نقل البيانات إلى منصة Plesk من منصات استضافة أخرى.</description>
  <description xml:lang="ca-ES">Transfereixi dades a Plesk des d'altres plataformes de hosting.</description>
  <description xml:lang="cs-CZ">Předat data do prostředí Plesk z jiných hostitelských platforem.</description>
  <description xml:lang="da-DK">Overfør data til Plesk fra andre hosting-platforme.</description>
  <description xml:lang="de-DE">Übertragen Sie Daten von anderen Hosting-Plattformen zu Plesk.</description>
  <description xml:lang="el-GR">Μεταφορά δεδομένων στο Plesk από άλλες πλατφόρμες φιλοξενίας.</description>
  <description xml:lang="es-ES">Transfiera datos de otras plataformas de hosting a Plesk.</description>
  <description xml:lang="fi-FI">Siirrä tiedot muista isännöintiympäristöistä Pleskiin.</description>
  <description xml:lang="fr-FR">Transférez les données d'autres plates-formes d'hébergement vers Plesk.</description>
  <description xml:lang="he-IL">העבר נתונים ל-Plesk מפלטפורמות אחסון אתרים אחרות.</description>
  <description xml:lang="hu-HU">Végezzen más üzemeltetési platformokról adatátvitelt a Plesk kezelőpanelre.</description>
  <description xml:lang="id-ID">Transfer data ke Plesk dari platform hosting lain.</description>
  <description xml:lang="it-IT">Trasferisci i dati a Plesk da altre piattaforme di hosting.</description>
  <description xml:lang="ja-JP">他のホスティングプラットフォームから Plesk にデータを移管します。</description>
  <description xml:lang="ko-KR">다른 호스팅 플랫폼에서 Plesk로 데이터를 전송합니다.</description>
  <description xml:lang="ms-MY">Pindahkan data ke Plesk daripada platform pengehosan lain.</description>
  <description xml:lang="nb-NO">Overfør data til Plesk fra andre hostingplattformer.</description>
  <description xml:lang="nl-NL">Gegevens vanuit andere hostingplatforms overdragen aan Plesk.</description>
  <description xml:lang="pl-PL">Przenieś dane do Plesk z innych platform hostingowych.</description>
  <description xml:lang="pt-BR">Transferir os dados para o Plesk a partir de outras plataformas de hospedagem.</description>
  <description xml:lang="pt-PT">Transferir dados para o Plesk a partir de outras plataformas de alojamento.</description>
  <description xml:lang="ro-RO">Transferul în Plesk a datelor din alte platforme de găzduire.</description>
  <description xml:lang="ru-RU">Перенести данные в Plesk с других платформ хостинга.</description>
  <description xml:lang="sv-SE">Överföra data till Plesk från andra värdtjänstplattformar.</description>
  <description xml:lang="th-TH">ส่งต่อข้อมูลจากรูปแบบการโฮสต์อื่นๆ ไปยัง Plesk</description>
  <description xml:lang="tl-PH">Ilipat ang data sa Plesk mula sa iba pang hosting platform.</description>
  <description xml:lang="tr-TR">Diğer barındırma platformlarından Plesk'e veri aktarın.</description>
  <description xml:lang="uk-UA">Передати дані до Plesk з інших хостингових платформ.</description>
  <description xml:lang="vi-VN">Chuyển dữ liệu từ các nền tảng lưu trữ khác sang Plesk.</description>
  <description xml:lang="zh-CN">从其它主机平台传输数据到 Plesk。</description>
  <description xml:lang="zh-TW">從其它主機平臺傳輸資料到 Plesk。</description>
</module>
